target_id,sequence,temporal_cutoff,description,all_sequences
1SCL_A,GGGUGCUCAGUACGAGAGGAACCGCACCC,1995-01-26,"THE SARCIN-RICIN LOOP, A MODULAR RNA",">1SCL_1|Chain A|RNA SARCIN-RICIN LOOP|Rattus norvegicus (10116)
GGGUGCUCAGUACGAGAGGAACCGCACCC
"
1RNK_A,GGCGCAGUGGGCUAGCGCCACUCAAAAGGCCCAU,1995-02-27,THE STRUCTURE OF AN RNA PSEUDOKNOT THAT CAUSES EFFICIENT FRAMESHIFTING IN MOUSE MAMMARY TUMOR VIRUS,">1RNK_1|Chain A|RNA PSEUDOKNOT|null
GGCGCAGUGGGCUAGCGCCACUCAAAAGGCCCAU
"
1RHT_A,GGGACUGACGAUCACGCAGUCUAU,1995-06-03,"24-MER RNA HAIRPIN COAT PROTEIN BINDING SITE FOR BACTERIOPHAGE R17 (NMR, MINIMIZED AVERAGE STRUCTURE)",">1RHT_1|Chain A|RNA (5'-R(P*GP*GP*GP*AP*CP*UP*GP*AP*CP*GP*AP*UP*CP*AP*CP*GP*CP*AP*GP*UP*CP*UP*AP*U)-3')|null
GGGACUGACGAUCACGCAGUCUAU
"
1HLX_A,GGGAUAACUUCGGUUGUCCC,1995-09-15,P1 HELIX NUCLEIC ACIDS (DNA/RNA) RIBONUCLEIC ACID,">1HLX_1|Chain A|RNA (5'-R(*GP*GP*GP*AP*UP*AP*AP*CP*UP*UP*CP*GP*GP*UP*UP*GP*UP*CP*CP*C)-3')|null
GGGAUAACUUCGGUUGUCCC
"
1HMH_E,GGCGACCCUGAUGAGGCCGAAAGGCCGAAACCGU,1995-12-07,THREE-DIMENSIONAL STRUCTURE OF A HAMMERHEAD RIBOZYME,">1HMH_1|Chains A, C, E|HAMMERHEAD RIBOZYME-RNA STRAND|
GGCGACCCUGAUGAGGCCGAAAGGCCGAAACCGU
>1HMH_2|Chains B, D, F|HAMMERHEAD RIBOZYME-DNA STRAND|
ACGGTCGGTCGCC
"
1RNG_A,GGCGCUUGCGUC,1995-12-07,SOLUTION STRUCTURE OF THE CUUG HAIRPIN: A NOVEL RNA TETRALOOP MOTIF,">1RNG_1|Chain A|RNA (5'-R(*GP*GP*CP*GP*CP*UP*UP*GP*CP*GP*UP*C)-3')|null
GGCGCUUGCGUC
"
1MME_D,GGCCGAAACUCGUAAGAGUCACCAC,1996-02-06,THE CRYSTAL STRUCTURE OF AN ALL-RNA HAMMERHEAD RIBOZYME: A PROPOSED MECHANISM FOR RNA CATALYTIC CLEAVAGE,">1MME_1|Chains A, C|RNA HAMMERHEAD RIBOZYME|
GUGGUCUGAUGAGGCC
>1MME_2|Chains B, D|RNA HAMMERHEAD RIBOZYME|
GGCCGAAACUCGUAAGAGUCACCAC
"
1KAJ_A,GGCGCAGUGGGCUAGCGCCACUCAAAAGCCCG,1996-07-11,"CONFORMATION OF AN RNA PSEUDOKNOT FROM MOUSE MAMMARY TUMOR VIRUS, NMR, 1 STRUCTURE",">1KAJ_1|Chain A|RNA PSEUDOKNOT APK|
GGCGCAGUGGGCUAGCGCCACUCAAAAGCCCG
"
1SLO_A,UUACCCAAGUUUGAGGUAA,1996-12-07,"FIRST STEM LOOP OF THE SL1 RNA FROM CAENORHABDITIS ELEGANS, NMR, MINIMIZED AVERAGE STRUCTURE",">1SLO_1|Chain A|RNA (5'-R(*UP*UP*AP*CP*CP*CP*AP*AP*GP*UP*UP*UP*GP*AP*GP*GP*UP*AP*A)-3')|Caenorhabditis elegans (6239)
UUACCCAAGUUUGAGGUAA
"
1BIV_A,GGCUCGUGUAGCUCAUUAGCUCCGAGCC,1996-12-23,"BOVINE IMMUNODEFICIENCY VIRUS TAT-TAR COMPLEX, NMR, 5 STRUCTURES",">1BIV_1|Chain A|TAR RNA|synthetic construct (32630)
GGCUCGUGUAGCUCAUUAGCUCCGAGCC
>1BIV_2|Chain B|TAT PEPTIDE|Bovine immunodeficiency virus (11657)
SGPRPRGTRGKGRRIRR
"
1ANR_A,GGCAGAUCUGAGCCUGGGAGCUCUCUGCC,1997-01-11,"CIS-ACTING RNA REGULATORY ELEMENT (HIV-1 TAR), NMR, 20 STRUCTURES",">1ANR_1|Chain A|RNA REGULATORY ELEMENT TAR|null
GGCAGAUCUGAGCCUGGGAGCUCUCUGCC
"
1ZIG_A,GGGCGAGAGCCU,1997-03-12,"GAGA RNA TETRALOOP, NMR, 10 STRUCTURES",">1ZIG_1|Chain A|RNA (5'-R(*GP*GP*GP*CP*GP*AP*GP*AP*GP*CP*CP*U)-3')|
GGGCGAGAGCCU
"
1ZIH_A,GGGCGCAAGCCU,1997-03-12,"GCAA RNA TETRALOOP, NMR, 10 STRUCTURES",">1ZIH_1|Chain A|RNA (5'-R(*GP*GP*GP*CP*GP*CP*AP*AP*GP*CP*CP*U)-3')|
GGGCGCAAGCCU
"
1ETF_A,GGUCUGGGCGCAGCGCAAGCUGACGGUACAGGCC,1997-03-12,"REV RESPONSE ELEMENT (RRE) RNA COMPLEXED WITH REV PEPTIDE, NMR, MINIMIZED AVERAGE STRUCTURE",">1ETF_2|Chain B|REV PEPTIDE|Human immunodeficiency virus 1 (11676)
DTRQARRNRRRRWRERQRAAAAR
>1ETF_1|Chain A|REV RESPONSE ELEMENT RNA|
GGUCUGGGCGCAGCGCAAGCUGACGGUACAGGCC
"
1ZIF_A,GGGCGAAAGCCU,1997-03-12,"GAAA RNA TETRALOOP, NMR, 10 STRUCTURES",">1ZIF_1|Chain A|RNA (5'-R(*GP*GP*GP*CP*GP*AP*AP*AP*GP*CP*CP*U)-3')|
GGGCGAAAGCCU
"
1KPD_A,GGCGCAGUGGGCUAGCGCCACUCAAAGGCCCG,1997-04-01,"A MUTANT RNA PSEUDOKNOT THAT PROMOTES RIBOSOMAL FRAMESHIFTING IN MOUSE MAMMARY TUMOR VIRUS, NMR, MINIMIZED AVERAGE STRUCTURE",">1KPD_1|Chain A|RNA PSEUDOKNOT APKA27G|
GGCGCAGUGGGCUAGCGCCACUCAAAGGCCCG
"
1IKD_A,GGGGCUCUUCGGAGCUCCACCA,1997-04-01,"ACCEPTOR STEM, NMR, 30 STRUCTURES",">1IKD_1|Chain A|TRNA ALA ACCEPTOR STEM|
GGGGCUCUUCGGAGCUCCACCA
"
1ZDI_S,ACAUGAGGAUUACCCAUGU,1997-04-21,RNA BACTERIOPHAGE MS2 COAT PROTEIN/RNA COMPLEX,">1ZDI_1|Chains A[auth R], B[auth S]|RNA (5'-R(*AP*CP*AP*UP*GP*AP*GP*GP*AP*UP*UP*AP*CP*CP*CP*AP*U P*GP*U)-3')|
ACAUGAGGAUUACCCAUGU
>1ZDI_2|Chains C[auth A], D[auth B], E[auth C]|PROTEIN (RNA BACTERIOPHAGE MS2 COAT PROTEIN)|Enterobacterio phage MS2 (12022)
ASNFTQFVLVDNGGTGDVTVAPSNFANGVAEWISSNSRSQAYKVTCSVRQSSAQNRKYTIKVEVPKVATQTVGGVELPVAAWRSYLNMELTIPIFATNSDCELIVKAMQGLLKDGNPIPSAIAANSGIY
"
1AFX_A,GGUGUGAACACC,1997-05-15,"UGAA EUKARYOTIC RIBOSOMAL RNA TETRALOOP, NMR, 13 STRUCTURES",">1AFX_1|Chain A|RNA (5'-R(*GP*GP*UP*GP*UP*GP*AP*AP*CP*AP*CP*C)-3')|
GGUGUGAACACC
"
1EBQ_A,GGUGGGCGCAGCUUCGGCUGCGGUACACC,1997-07-07,"STRUCTURE OF RNA (5'-GGUGGGCGCAGCUUCGGCUGCGGUACCAC-3'), NMR, 5 STRUCTURES",">1EBQ_1|Chain A|HIV-1 REV RESPONSIVE ELEMENT RNA|
GGUGGGCGCAGCUUCGGCUGCGGUACACC
"
1EBR_A,GGUGGGCGCAGCUUCGGCUGACGGUACACC,1997-07-07,"STRUCTURE OF RNA (5'-GGUGGGCGCAGCUUCGGCUGCGGUACCAC-3'), NMR, 5 STRUCTURES",">1EBR_1|Chain A|HIV-1 REV RESPONSIVE ELEMENT RNA|
GGUGGGCGCAGCUUCGGCUGACGGUACACC
"
1ULL_A,GGCUGGACUCGUACUUCGGUACUGGAGAAACAGCC,1997-08-20,"RNA APTAMER COMPLEXED WITH HIV-1 REV PEPTIDE, NMR, 7 STRUCTURES",">1ULL_1|Chain A|RNA (5'-R (GP*GP*CP*UP*GP*GP*AP*CP*UP*CP*GP*UP*AP*CP*UP*UP*CP*GP* GP*UP*AP*CP*UP*GP*GP*AP*GP*AP*AP*AP*CP*AP*GP*CP*C)-3')|null
GGCUGGACUCGUACUUCGGUACUGGAGAAACAGCC
>1ULL_2|Chain B|REV PEPTIDE|Human immunodeficiency virus 1 (11676)
TRQARRNRRRRWRERQR
"
1KIS_B,GCUGUUCCCAGACAGC,1997-10-15,"TAR-TAR ""KISSING"" HAIRPIN COMPLEX DERIVED FROM THE HIV GENOME, NMR, 1 STRUCTURE",">1KIS_1|Chain A|RNA (5'-R(*GP*AP*GP*CP*CP*CP*UP*GP*GP*GP*AP*GP*GP*CP*UP*C)-3')|synthetic construct (32630)
GAGCCCUGGGAGGCUC
>1KIS_2|Chain B|RNA (5'-R(*GP*CP*UP*GP*UP*UP*CP*CP*CP*AP*GP*AP*CP*AP*GP*C)-3')|synthetic construct (32630)
GCUGUUCCCAGACAGC
"
1KIS_A,GAGCCCUGGGAGGCUC,1997-10-15,"TAR-TAR ""KISSING"" HAIRPIN COMPLEX DERIVED FROM THE HIV GENOME, NMR, 1 STRUCTURE",">1KIS_1|Chain A|RNA (5'-R(*GP*AP*GP*CP*CP*CP*UP*GP*GP*GP*AP*GP*GP*CP*UP*C)-3')|synthetic construct (32630)
GAGCCCUGGGAGGCUC
>1KIS_2|Chain B|RNA (5'-R(*GP*CP*UP*GP*UP*UP*CP*CP*CP*AP*GP*AP*CP*AP*GP*C)-3')|synthetic construct (32630)
GCUGUUCCCAGACAGC
"
1ATO_A,GGCACCUCCUCGCGGUGCC,1997-11-12,"THE STRUCTURE OF THE ISOLATED, CENTRAL HAIRPIN OF THE HDV ANTIGENOMIC RIBOZYME, NMR, 10 STRUCTURES",">1ATO_1|Chain A|RNA (5'-R(*GP*GP*CP*AP*CP*CP*UP*CP*CP*UP*CP*GP*CP*GP*GP*UP*GP*CP*C)-3')|Hepatitis delta virus (12475)
GGCACCUCCUCGCGGUGCC
"
1TLR_A,GGCCUAAGACUUCGGUUAUGGCC,1997-11-12,"SOLUTION STRUCTURE OF TETRALOOP RECEPTOR RNA, NMR, 20 STRUCTURES",">1TLR_1|Chain A|RNA TETRALOOP RECEPTOR (5'-R(GGCCUAAGACUUCGGUUAUGGCC)-3')|
GGCCUAAGACUUCGGUUAUGGCC
"
1VOP_A,GACUGGGGCGGUC,1997-12-24,"CONSERVED RNA COMPONENT OF THE PEPTIDYL TRANSFERASE CENTER, NMR, 33 STRUCTURES",">1VOP_1|Chain A|23S RIBOSOMAL RNA|
GACUGGGGCGGUC
"
1AQO_A,GGAGUGCUUCAACAGUGCUUGGACGCUCC,1998-02-04,"IRON RESPONSIVE ELEMENT RNA HAIRPIN, NMR, 15 STRUCTURES",">1AQO_1|Chain A|IRON RESPONSIVE ELEMENT RNA HAIRPIN|
GGAGUGCUUCAACAGUGCUUGGACGCUCC
"
1ATV_A,GGGACCAGAAGGUCCCG,1998-02-25,"HAIRPIN WITH AGAA TETRALOOP, NMR, 4 STRUCTURES",">1ATV_1|Chain A|RNA (5'-R(*GP*GP*GP*AP*CP*CP*AP*GP*AP*AP*GP*GP*UP*CP*CP*CP*G)-3')|
GGGACCAGAAGGUCCCG
"
1ATW_A,GCUCCAGAUGGAGCG,1998-02-25,"HAIRPIN WITH AGAU TETRALOOP, NMR, 3 STRUCTURES",">1ATW_1|Chain A|RNA (5'-R(*GP*CP*UP*CP*CP*AP*GP*AP*UP*GP*GP*AP*GP*CP*G)-3')|
GCUCCAGAUGGAGCG
"
